participant,block,cond,n_epochs_final,n_channels,n_bad_channels_recorded,bad_channels,n_bridged_pairs,n_ica_removed,pct_rejected,line_noise_ratio_50hz,alpha_power_ratio,n_channels_still_outlying,still_outlying_channels,median_channel_variance,gfp_mean,gfp_peak,gfp_peak_latency_ms
P01,A,std,297,32,5,FT9;TP10;CP6;T8;FT10,0,2,1.0,,1.7063115703636533,1,FT10,1.7625692182130775e-11,2.579651993113985e-07,5.26885467603987e-07,212.0
P01,A,dev,100,32,5,FT9;TP10;CP6;T8;FT10,0,2,0.0,,1.666934424307672,1,FT10,1.8428013015391774e-11,4.297638997578283e-07,7.892327453273262e-07,76.0
P01,B,std,296,32,8,FT9;T7;TP9;O1;TP10;CP6;FT10;Fp2,0,1,1.3,,1.6625600331455754,5,FT9;TP9;TP10;T8;FT10,1.9408815496191097e-11,3.024993808016144e-07,6.005690901763635e-07,98.0
P01,B,dev,99,32,8,FT9;T7;TP9;O1;TP10;CP6;FT10;Fp2,0,1,1.0,,1.6986392749049952,6,FT9;TP9;TP10;T8;FT10;F8,1.9582732986520413e-11,4.881361500236913e-07,1.0649066268651155e-06,402.0
P01,C,std,498,32,1,CP6,0,1,0.4,,1.6570874273011817,3,FT9;T8;F8,2.0366106881451546e-11,2.3973109207141783e-07,6.825350068136382e-07,472.0
P02,A,std,300,32,6,Fp1;F7;TP9;TP10;FT10;Fp2,0,1,0.0,,1.2173224782147056,1,FT10,2.4098759197649412e-11,3.6258719550779086e-07,6.630500273033683e-07,130.0
P02,A,dev,98,32,6,Fp1;F7;TP9;TP10;FT10;Fp2,0,1,2.0,,1.0872594635811819,1,FT10,2.4057632857322462e-11,4.659755060361276e-07,7.796592224988904e-07,8.0
P02,B,std,295,32,8,T8;T7;FT9;Fp2;F7;F8;TP10;TP9,0,1,1.7,,1.2702749046557464,0,,2.274434052787197e-11,3.2265140613980333e-07,7.201290188800522e-07,268.0
P02,B,dev,100,32,8,T8;T7;FT9;Fp2;F7;F8;TP10;TP9,0,1,0.0,,1.376755772780219,0,,2.4841732726772253e-11,5.835292976210269e-07,1.3338485844982958e-06,500.0
P02,C,std,499,32,8,Fp1;T7;F8;Fp2;F7;T8;TP10;FT10,0,1,0.2,,1.2048858237809137,0,,2.33192753495111e-11,2.1741046979222049e-07,3.6587543542941087e-07,202.0
P03,A,dev,67,32,6,Fp1;F7;FT9;F4;F8;Fp2,0,0,33.0,,1.7712546053897094,2,Fp1;Fp2,1.0306596074139943e-10,2.8821651496164107e-06,6.0775586716328214e-06,498.0
P03,A,std,211,32,6,Fp1;F7;FT9;F4;F8;Fp2,0,0,29.7,,1.641614360867457,2,Fp1;Fp2,9.470606348728952e-11,1.5303618246916693e-06,3.4380282445335743e-06,500.0
P03,B,dev,79,32,7,O1;CP6;FC6;Fp1;F4;F8;Fp2,0,2,21.0,,1.7322384349005278,2,Fp1;Fp2,5.8200566291280635e-11,3.6486769383594874e-06,7.89049386171913e-06,488.0
P03,B,std,214,32,7,O1;CP6;FC6;Fp1;F4;F8;Fp2,0,2,28.7,,1.5549330449995673,2,Fp1;Fp2,5.841519568297739e-11,2.3439400291905426e-06,4.6522449971997284e-06,486.0
P03,C,std,428,32,3,Fp1;O1;Fp2,0,2,14.4,,1.8715849353087335,2,Fp1;Fp2,6.241917612654964e-11,1.5179379475657556e-06,3.254785152476737e-06,498.0
P04,A,std,300,32,4,F7;P7;O1;F8,0,2,0.0,,1.3099003150250739,0,,3.15649915303343e-11,3.323462911845724e-07,5.814082096153446e-07,492.0
P04,A,dev,100,32,4,F7;P7;O1;F8,0,2,0.0,,1.3141936138040415,0,,3.216605462633815e-11,7.083503530830573e-07,1.165444431035243e-06,222.0
P04,C,std,497,32,4,F7;T7;T8;F8,0,1,0.6,,1.1641439641376277,0,,3.587711603078862e-11,2.8225756917075804e-07,6.896919748567748e-07,468.0
P05,A,dev,98,32,6,F7;P8;TP10;T8;F8;Fp2,0,2,2.0,,3.6522990677342606,3,FT9;TP10;FT10,3.854948579283878e-11,5.819002152520874e-07,9.942414523498665e-07,238.0
P05,A,std,291,32,6,F7;P8;TP10;T8;F8;Fp2,0,2,3.0,,3.646718162599248,2,FT9;FT10,4.049152746134191e-11,3.741078038134889e-07,6.773700675951648e-07,238.0
P05,C,std,491,32,6,F7;TP9;T8;FT10;F4;Fp2,0,1,1.8,,3.2747605365401267,0,,4.777708392328886e-11,3.195386817485997e-07,6.937495628380345e-07,416.0
P06,A,dev,99,32,3,Fp1;T8;Fp2,0,1,1.0,,1.3089452911345232,0,,2.0127657543738455e-11,3.9811466264896343e-07,9.155240228954092e-07,462.0
P06,A,std,298,32,3,Fp1;T8;Fp2,0,1,0.7,,1.2867544845960108,0,,2.058433312542227e-11,2.358523998666255e-07,4.359958701671506e-07,254.0
P06,B,dev,100,32,7,Fp1;F3;F7;FT9;T8;FT10;Fp2,0,1,0.0,,1.3648099322202865,0,,2.396224159236443e-11,4.474157931866576e-07,6.956923338029694e-07,112.0
P06,B,std,300,32,7,Fp1;F3;F7;FT9;T8;FT10;Fp2,0,1,0.0,,1.2826425653599707,0,,2.545002478721864e-11,2.510929551311678e-07,4.979579820427713e-07,330.0
P06,C,std,480,32,3,Fp1;F7;Fp2,0,2,4.0,,1.5189938840768011,0,,2.4612208936952056e-11,2.3871428390445476e-07,3.8234927428559743e-07,486.0
P07,A,std,299,32,4,Fp1;F7;FC5;Fp2,1,2,0.3,,0.9522441255715888,1,F8,3.639517076176801e-11,3.3421399557655956e-07,6.188368887631079e-07,450.0
P07,A,dev,100,32,4,Fp1;F7;FC5;Fp2,1,2,0.0,,0.9206057662225364,0,,3.535554239677951e-11,6.494530822251105e-07,1.2464015229001534e-06,400.0
P07,B,std,300,32,5,Fp1;F7;FC5;FT10;Fp2,1,1,0.0,,1.1203955217064456,2,FT10;F8,3.6824004001754876e-11,3.50255357894222e-07,6.986836992807989e-07,332.0
P07,B,dev,99,32,5,Fp1;F7;FC5;FT10;Fp2,1,1,1.0,,1.1175879556761006,3,FT9;FT10;F8,4.062105602895159e-11,6.337382373772534e-07,1.336479608079752e-06,492.0
P07,C,std,497,32,6,Fp1;F7;FT9;FC5;FT10;Fp2,1,2,0.6,,0.785908119969672,3,F7;FT9;T7,3.1590964984685855e-11,3.078256253678481e-07,7.819478726498944e-07,500.0
P08,A,dev,99,32,4,Oz;O2;Fz;Cz,0,2,1.0,,3.251348346089799,0,,3.968944717207673e-11,6.569352042881055e-07,1.5402031377146389e-06,394.0
P08,A,std,299,32,4,Oz;O2;Fz;Cz,0,2,0.3,,3.2125563186348263,0,,4.1718065789102555e-11,4.362510283089427e-07,1.1363384904864878e-06,414.0
P08,B,dev,100,32,5,P3;Oz;Fz;CP2;Cz,0,1,0.0,,2.591732489771754,0,,4.422177781011433e-11,7.291527585787144e-07,1.3566879555151645e-06,270.0
P08,B,std,297,32,5,P3;Oz;Fz;CP2;Cz,0,1,1.0,,2.6965715057281456,0,,4.2494967400597274e-11,4.961513180998997e-07,1.2955625062495508e-06,404.0
P08,C,std,498,32,3,Oz;Fz;Cz,0,2,0.4,,2.737558348243343,0,,3.635593821491725e-11,3.6587740011116046e-07,9.835513821838373e-07,412.0
P09,A,std,300,32,5,Fp1;F7;FT10;F8;Fp2,1,2,0.0,,1.1725382124510133,0,,2.41187329491261e-11,2.850160862230822e-07,5.608845544082001e-07,288.0
P09,A,dev,100,32,5,Fp1;F7;FT10;F8;Fp2,1,2,0.0,,1.1681115448655817,0,,2.1084128771573287e-11,4.911921737355435e-07,8.278846031004822e-07,254.0
P09,B,std,299,32,6,Fp1;F7;FT9;FT10;F8;Fp2,1,1,0.3,,1.0780293414123805,4,F7;FT9;FT10;F8,3.2697208004018073e-11,3.432519476555731e-07,6.967349201363843e-07,336.0
P09,B,dev,99,32,6,Fp1;F7;FT9;FT10;F8;Fp2,1,1,1.0,,1.0735873904235107,7,F7;FT9;FC5;T8;FT10;FC6;F8,3.4024042238007556e-11,1.0170635318795928e-06,2.3152200836320327e-06,444.0
P09,C,std,500,32,7,Fp1;F7;FT9;T8;FT10;F8;Fp2,1,2,0.0,,1.1348763037600411,0,,2.2263696335466594e-11,1.9931233931817751e-07,3.596028534620913e-07,500.0
P10,A,dev,98,32,7,Fp1;F3;F7;TP9;T8;F8;Fp2,0,1,2.0,,2.1241792426128567,0,,4.7627437223268205e-11,7.647293236915684e-07,1.347296063886169e-06,400.0
P10,A,std,295,32,7,Fp1;F3;F7;TP9;T8;F8;Fp2,0,1,1.7,,1.9022210123190346,0,,4.856895368384717e-11,3.9150582284962087e-07,6.448759346902176e-07,490.0
P10,B,dev,98,32,4,Fp1;F7;F8;Fp2,0,1,2.0,,2.08256574200965,1,FT9,4.170468394432454e-11,6.240852046272262e-07,1.3746946295772068e-06,354.0
P10,B,std,296,32,4,Fp1;F7;F8;Fp2,0,1,1.3,,2.113490518983064,2,FT9;FT10,4.0507595931669065e-11,4.427313518104861e-07,8.173525567572449e-07,282.0
P10,C,std,485,32,8,Fp2;Fp1;F7;TP10;T8;TP9;P7;F8,0,1,3.0,,2.381729762330862,0,,4.6079313935111955e-11,3.120144651445152e-07,5.243586143015354e-07,452.0
P11,A,std,276,32,8,Fp1;F7;FT9;T8;FT10;FC6;F8;Fp2,0,1,8.0,,1.173586871810885,0,,4.263649233450177e-11,4.79474068638315e-07,1.136929985510658e-06,482.0
P11,A,dev,94,32,8,Fp1;F7;FT9;T8;FT10;FC6;F8;Fp2,0,1,6.0,,1.1681800542616128,1,FT9,4.933414979148495e-11,7.956809369875237e-07,1.7244357345021863e-06,482.0
P11,B,std,286,32,8,F7;F8;Fp2;F4;FT10;Fp1;T7;FT9,0,1,4.3,,1.055427950070615,0,,5.816046150135419e-11,5.957895279523163e-07,1.258903683162108e-06,412.0
P11,B,dev,96,32,8,F7;F8;Fp2;F4;FT10;Fp1;T7;FT9,0,1,4.0,,1.2817191289650487,0,,5.5083978789017996e-11,8.009414264400297e-07,1.6356288338455235e-06,162.0
P11,C,std,486,32,5,Fp1;F7;FT9;FT10;Fp2,0,1,2.8,,1.0861959654622524,0,,4.486258149389609e-11,4.5366685087706897e-07,1.1181057979306394e-06,440.0
P12,A,std,299,32,6,Fp1;F7;FT9;T7;TP10;Fp2,0,2,0.3,,2.0196500452567627,0,,3.548078867725419e-11,3.844998945967499e-07,8.303993111228726e-07,430.0
P12,A,dev,99,32,6,Fp1;F7;FT9;T7;TP10;Fp2,0,2,1.0,,1.92723127276742,0,,3.81448206752827e-11,6.068142513492488e-07,1.1667138720585561e-06,160.0
P12,B,std,291,32,2,Fp1;Fp2,0,1,3.0,,2.0789829853652066,0,,5.089977836265312e-11,6.01283836828901e-07,1.2517249745782766e-06,500.0
P12,B,dev,98,32,2,Fp1;Fp2,0,1,2.0,,1.960440615036507,0,,4.8758706875643726e-11,8.228049639031319e-07,1.8966129481779463e-06,440.0
P12,C,std,491,32,4,Fp1;F7;FT9;Fp2,0,1,1.8,,2.020532712459977,0,,4.685147280249613e-11,3.85851375966408e-07,1.0764566038005222e-06,498.0
P13,A,dev,91,32,8,Fp1;FT9;TP9;TP10;C4;T8;FT10;Fp2,0,1,9.0,,1.6171209224966288,3,FT9;Cz;FT10,2.8532741744728273e-11,6.554961549271783e-07,1.299260086722638e-06,442.0
P13,A,std,286,32,8,Fp1;FT9;TP9;TP10;C4;T8;FT10;Fp2,0,1,4.7,,1.4492944346521688,3,FT9;Cz;FT10,3.1876691890587593e-11,3.831446376098103e-07,5.847172703054275e-07,168.0
P13,B,dev,99,32,4,Fp1;C4;FT10;Fp2,0,1,1.0,,1.5089827825685926,1,Cz,3.470442407674728e-11,6.597081645701919e-07,1.251655860495436e-06,398.0
P13,B,std,294,32,4,Fp1;C4;FT10;Fp2,0,1,2.0,,1.58833021419197,2,FT9;Cz,3.197126972131272e-11,4.984158539842163e-07,9.33577093180854e-07,422.0
P13,C,std,474,32,5,Fp1;FT9;CP2;FT10;Fp2,0,2,5.2,,1.6472482902301993,2,Cz;C4,3.4011510717627546e-11,3.468102381279198e-07,6.197404653796861e-07,368.0
P14,A,std,291,32,1,TP10,0,1,3.0,,1.7754295021118895,2,TP9;F8,3.388671621221496e-11,3.970461465964741e-07,8.186849679896369e-07,382.0
P14,A,dev,98,32,1,TP10,0,1,2.0,,1.6984795882010926,1,F7,3.18288289670898e-11,6.821372463479062e-07,1.4863629714070528e-06,412.0
P14,B,std,296,32,7,Fp1;FT9;TP9;TP10;FT10;F8;Fp2,0,1,1.3,,1.760922057801832,1,FT9,4.377156796458728e-11,4.4465024556310527e-07,8.576962184961646e-07,306.0
P14,B,dev,96,32,7,Fp1;FT9;TP9;TP10;FT10;F8;Fp2,0,1,4.0,,1.699391450243365,2,F7;FT9,3.800663369378778e-11,5.854571370315352e-07,1.0403546180598869e-06,446.0
P14,C,std,488,32,8,F8;F7;T7;T8;Fp2;FT10;TP9;TP10,0,1,2.4,,1.9114287452660832,3,FT9;TP10;FT10,3.9565622554464714e-11,3.1331516863483494e-07,7.211011625121261e-07,364.0
P15,A,dev,41,32,8,F8;TP10;FT10;FT9;T8;T7;TP9;Fp2,0,2,59.0,,1.4027808123652428,2,FT9;FT10,7.602326979202071e-11,1.294241970106786e-06,2.8806694284485203e-06,286.0
P15,A,std,131,32,8,F8;TP10;FT10;FT9;T8;T7;TP9;Fp2,0,2,56.3,,1.4046081717216274,2,FT9;FT10,7.644367526653678e-11,7.859641968756787e-07,1.5549994448567152e-06,342.0
P15,B,dev,87,32,8,FC1;F8;FT10;T7;T8;TP10;FT9;F7,0,2,13.0,,1.9928969043793896,1,FT10,8.251307261971169e-11,9.327153706892526e-07,1.7728936845806573e-06,490.0
P15,B,std,251,32,8,FC1;F8;FT10;T7;T8;TP10;FT9;F7,0,2,16.3,,1.9017981352052808,1,FT10,8.289225550266525e-11,8.035718945200932e-07,1.6854701729947076e-06,398.0
P15,C,std,288,32,8,TP10;FT10;T7;T8;F8;TP9;FT9;FC6,0,2,42.4,,1.5787529390359594,1,FT9,9.372275962272078e-11,5.735233474142622e-07,1.0824243177870795e-06,428.0
P16,A,dev,100,32,4,Fp1;CP5;T8;Fp2,0,1,0.0,,1.9433376628030192,0,,4.6459555990199366e-11,7.255614646134737e-07,1.7421527009888444e-06,244.0
P16,A,std,299,32,4,Fp1;CP5;T8;Fp2,0,1,0.3,,2.078099812419296,0,,4.943403192534865e-11,7.134622099960159e-07,1.377466745512158e-06,208.0
P16,B,dev,98,32,2,Fp1;Fp2,0,1,2.0,,2.074935404232331,0,,5.201748435947827e-11,8.994184406641717e-07,2.0801900697535585e-06,262.0
P16,B,std,299,32,2,Fp1;Fp2,0,1,0.3,,2.1863250079564396,0,,5.2569673835400705e-11,5.921193664754296e-07,1.1344994215198614e-06,276.0
P16,C,std,498,32,2,Fp1;Fp2,0,1,0.4,,2.0313366705702385,0,,5.0588560948864605e-11,5.300106347272121e-07,1.1637517614988717e-06,230.0
P17,A,std,281,32,8,Fp1;FT9;T7;TP9;T8;FT10;F8;Fp2,1,2,6.3,,1.7797932438588153,0,,5.7485101963450414e-11,4.369557337363343e-07,8.285387752736476e-07,288.0
P17,A,dev,96,32,8,Fp1;FT9;T7;TP9;T8;FT10;F8;Fp2,1,2,4.0,,1.7188920470608133,0,,5.952006391072855e-11,7.192004958900066e-07,1.1990371189170913e-06,396.0
P17,B,std,194,32,6,FT9;T7;TP9;CP6;FC6;F8,1,2,35.3,,1.7797428237384616,3,FT9;FC5;TP9,4.945778414758197e-11,6.337969002797116e-07,1.2547677527433283e-06,500.0
P17,B,dev,62,32,6,FT9;T7;TP9;CP6;FC6;F8,1,2,38.0,,1.8733649159129848,3,FT9;FC5;TP9,4.925379858857427e-11,8.449288244755622e-07,1.3285177222508452e-06,474.0
P17,C,std,448,32,3,FT9;P8;T8,1,2,10.4,,1.92831419522829,0,,7.200503667159274e-11,5.063374347911185e-07,9.413818607745221e-07,496.0
P18,A,dev,97,32,8,Fp1;F7;FT9;TP10;T8;FT10;F8;Fp2,0,1,3.0,,1.187088964554455,0,,4.2595629321742514e-11,6.861451610029102e-07,1.5277429940298593e-06,338.0
P18,A,std,291,32,8,Fp1;F7;FT9;TP10;T8;FT10;F8;Fp2,0,1,3.0,,1.2349140385343012,0,,4.2553514921042073e-11,3.9403341680394734e-07,8.799870253033685e-07,432.0
P18,B,dev,99,32,8,T8;Fp1;TP10;FC6;FT9;FT10;F7;Fp2,0,1,1.0,,1.2115468849425948,1,FT10,4.2166983992743143e-11,8.757389861505889e-07,1.6771945250833116e-06,282.0
P18,B,std,284,32,8,T8;Fp1;TP10;FC6;FT9;FT10;F7;Fp2,0,1,5.3,,1.2080586931588662,2,FT10;F8,3.634306771864951e-11,4.852731238888459e-07,1.0891104963217423e-06,470.0
P19,A,std,296,32,2,FT9;Fp2,0,1,1.3,,2.491029250072453,0,,5.7688885454765515e-11,3.923971151489993e-07,7.854764606365431e-07,374.0
P19,A,dev,99,32,2,FT9;Fp2,0,1,1.0,,2.5115413526429125,0,,5.6221233441293776e-11,6.263570681606301e-07,1.108762839566038e-06,254.0
P19,B,std,296,32,3,Fp1;FT10;Fp2,0,1,1.3,,1.8883031307009082,1,O1,3.920371181886895e-11,3.9666280322194207e-07,8.554669550991374e-07,438.0
P19,B,dev,98,32,3,Fp1;FT10;Fp2,0,1,2.0,,2.065428514138856,1,O1,3.948069564067436e-11,6.488481033656207e-07,1.2426937622000338e-06,498.0
P19,C,std,485,32,6,Fp1;FT9;FC5;T7;FC6;Fp2,0,1,3.0,,3.24419173807572,0,,5.0594181680305654e-11,2.5839136080089446e-07,5.126370729415988e-07,330.0
P20,A,dev,85,32,8,T8;FT10;FT9;F8;F7;F4;Fp1;Fp2,0,0,15.0,,1.9690397788076401,3,Fp1;Fz;Fp2,6.981344003087548e-11,8.913471903056079e-07,2.010220742803728e-06,300.0
P20,A,std,268,32,8,T8;FT10;FT9;F8;F7;F4;Fp1;Fp2,0,0,10.7,,2.0187690640873033,3,Fp1;Fz;Fp2,7.206959290853518e-11,5.934221695043684e-07,1.2650861729566703e-06,276.0
P20,B,dev,100,32,8,Fp2;FT9;FT10;F3;F7;T7;F8;TP9,0,2,0.0,,1.979324725027383,4,Fz;FT9;T8;FT10,9.896926829314004e-12,3.166615022659185e-07,5.988118252556413e-07,84.0
P20,B,std,300,32,8,Fp2;FT9;FT10;F3;F7;T7;F8;TP9,0,2,0.0,,1.9890135803909754,2,Fz;FT9,9.829093686476673e-12,2.0748402535539456e-07,4.302187321225315e-07,446.0
P20,C,std,500,32,6,Fp1;T7;TP9;T8;FT10;Fp2,0,1,0.0,,1.8935052233505107,0,,1.0222191091419471e-11,1.8053873068309067e-07,3.4292734850614737e-07,354.0
