participant,block,signal_band_power_1_30hz,line_power_50hz,line_ratio_50hz_vs_neighbor,line_power_100hz,line_power_150hz,broadband_noise_60_190hz,broadband_vs_signal_ratio,dc_drift_power_0.1_0.5hz,unexplained_narrow_peaks_hz,rms_q1,rms_q2,rms_q3,rms_q4,rms_last_vs_first_ratio
P01,A,9.668333533372365e-13,4.2766894349206064e-13,1.334919910721348,2.725884358141991e-13,1.4869202494011917e-13,2.0275817364938498e-13,0.20971367294014098,1.125382505442722e-10,0.2;0.5;0.7;1.0;1.2;1.5;1.7;2.0;2.2;2.4;2.7;9.5;9.8,0.015031480560079224,0.015267548134040479,0.015446780125717947,0.015557746635907732,1.0350109274814998
P01,B,9.35684833281134e-13,3.1593878016413876e-13,1.44613580456682,1.8379998505300318e-13,1.1641603878348687e-13,1.3781150346843296e-13,0.1472841052528062,2.8601043345141414e-10,0.2;0.5;0.7;1.0;1.2;1.5;1.7;2.0;2.2;2.4;9.8,0.015797919745270225,0.015805770282230656,0.01522086867146637,0.01570223093886348,0.9939429489483644
P01,C,8.993570106467029e-13,4.2208991523165913e-13,1.3621980444476804,2.996505092904667e-13,1.6287448912618615e-13,2.1531482965587383e-13,0.23940974174543528,4.624210930254961e-11,0.2;0.5;0.7;1.0;1.2;1.5;1.7;2.0;2.2;2.4;2.7;2.9;3.2;3.4;3.7;9.5;9.8,0.01581750722867729,0.015812710298313232,0.015808770327565756,0.015804730248045254,0.9991922253963714
P02,A,1.2812494971325167e-12,3.0501920671866793e-12,12.587585242762469,2.217957446498792e-13,6.004451191768769e-14,8.24167461732379e-14,0.06432529055245649,9.711182790636403e-11,,0.014307197065731858,0.014290449953609397,0.014247043147614226,0.01426648549202038,0.9971544689344505
P02,B,1.2583882564681043e-12,3.284756144752238e-12,6.982166501249434,3.7318420239355013e-13,1.4995175712491557e-13,2.3297273228856467e-13,0.18513581248957697,5.000196396390072e-10,0.2;0.5,0.014055871897715117,0.014084848738300753,0.014210268879883935,0.014228536266436885,1.0122841450162787
P02,C,1.3154353097214385e-12,2.9097842372586294e-12,4.017871986500285,5.759079941440712e-13,1.9067178307966515e-13,3.552689631577336e-13,0.2700771071995678,5.433463048633144e-10,0.2;0.5,0.013418785267655083,0.013720914686351554,0.013785743965952878,0.01383930259596351,1.0313379579388644
P03,A,3.625070798102993e-11,9.519478954331385e-13,1.3191877926494777,5.965798395834906e-13,4.4827830909408597e-13,5.104296042560916e-13,0.01408054166895721,5.735687212491453e-09,0.2;0.5;0.7;1.0;1.2;1.5;1.7;2.0;2.2;2.4;2.7;2.9;3.2;3.4;3.7;3.9;4.2;4.4;4.6;4.9;5.1;5.4;5.6;5.9;6.1;6.3;6.6;6.8,0.007936632695276797,0.007890018140970819,0.007790812409790373,0.007693983778368259,0.9694267170694517
P03,B,3.2981706165494136e-11,7.244737553747684e-13,1.8296731315749828,3.325730197809527e-13,2.820172798011037e-13,2.696054455340452e-13,0.008174393531408928,5.325819554961553e-09,0.2;0.5;0.7;1.0;1.2;1.5;1.7;2.0;2.2;2.4;2.7;2.9;3.2;3.4;3.7;3.9;4.2;4.4;4.6;4.9;5.1;5.4;5.6;5.9;6.1;6.3;6.6;6.8;7.1,0.008176880372764962,0.008347939987003335,0.008352804656445393,0.008349293650240541,1.021085459199066
P03,C,1.7791766058675998e-11,6.100113425427618e-13,1.5897511145257943,3.0314903729631644e-13,2.662717456831578e-13,2.53535480576681e-13,0.014250158176571047,2.837888264771027e-09,0.2;0.5;0.7;1.0;1.2;1.5;1.7;2.0;2.2;2.4;2.7;2.9;3.2;3.4;3.7;3.9;4.2;4.4;4.6;4.9;5.1;5.4;5.6;5.9;6.1;6.3,0.00820791399532828,0.008246166080715652,0.008170211304529666,0.008117714260019612,0.9890106383473306
P04,A,1.4121760936071057e-12,5.464323167572698e-13,6.972923533574217,3.527172366804018e-14,3.5993457192320814e-14,1.9487175245381345e-14,0.013799394660198128,1.37123810000966e-10,0.2,0.013625682694274855,0.013884416421488587,0.013968575717696156,0.013873013060286828,1.018151777900706
P04,B,2.6329338850897747e-07,5.893214813756802e-08,13.66066787059879,9.889322269605915e-10,5.62509522216377e-11,1.0717145564070356e-10,0.00040704195516496743,0.00012192942790849372,,0.011775705613771352,0.011110920915439484,0.09759110204556512,0.07888254581686777,6.6987532131082554
P04,C,1.3002451347439027e-12,2.803890499091361e-13,3.2508131755514302,3.565020040694463e-14,3.269926553017418e-14,2.3772984519686556e-14,0.018283463544256136,1.3092431590634096e-10,,0.013242538123270505,0.013074043700714182,0.012795007024609834,0.012491260132745215,0.94326782497948
P05,A,2.282786978020531e-12,3.6157162610595206e-13,2.062790492602637,1.158638345084444e-13,1.536024371873885e-13,8.779835913809248e-14,0.03846103906472469,2.3021416540648187e-10,0.5;1.0;1.5,0.013883865329657043,0.013894106509617225,0.013864685988029528,0.01386086167385532,0.9983431375012991
P05,C,2.3830873906171528e-12,5.068225887173145e-13,1.7438223761419585,2.431736319495572e-13,2.0936689756346466e-13,1.827801160046314e-13,0.0766988725316097,1.8654465433298985e-10,0.5;1.0;1.5;2.0;2.4;2.9;3.4;7.8;8.3;8.8;9.3;9.8;10.3;10.7;11.2,0.01117031191804122,0.011742944037021294,0.012661889379649658,0.013349436488697181,1.195081801353859
P06,A,1.0819522762451877e-12,2.927788206711373e-13,1.749390753731049,1.7493085401498069e-13,1.0396404055450558e-13,1.3395332549311673e-13,0.12380705548121677,2.1361522116732254e-10,0.5;1.0;1.5;2.0;2.4;2.9,0.025034202455393263,0.024777104647978734,0.02451229147910388,0.024218257545524077,0.9674067943117796
P06,B,2.081357560005985e-12,5.045412747555683e-13,1.357278326966993,2.375929855039034e-13,1.3524389662954018e-13,1.9992523498617256e-13,0.09605520878671017,1.596123442918598e-09,0.5;1.0;1.5,0.0252157191052576,0.025478139783273703,0.025442969430431527,0.025295180560687313,1.0031512666800426
P06,C,1.0569951712534535e-12,5.620078536625126e-13,1.50316319265784,3.5689082503938527e-13,3.240668629063902e-13,3.7473697094713614e-13,0.3545304473839258,7.521775165289177e-11,0.5;1.0;1.5;2.0;2.4,0.02371587990603739,0.02351557968367269,0.02330210808372848,0.023075814155281184,0.9730110898987449
P07,A,2.360106785445851e-12,3.657935531753396e-13,1.3286526456483398,2.0085464832574482e-13,1.1332711822092006e-13,1.5244489673721592e-13,0.06459237254742155,1.0196502084035682e-10,0.5;1.0;1.5;2.0;2.4;2.9;3.4,0.005509853744910592,0.005407758453919023,0.005306273517745827,0.005210500951440803,0.9456695572461794
P07,B,1.9983397227686512e-12,3.5567397878824644e-13,1.2806900435617181,2.45635235309503e-13,1.5604138791710441e-13,1.7852116804920606e-13,0.08933474424552264,1.0464800347740531e-10,0.5;1.0;1.5;2.0;2.4;2.9;3.4;3.9,0.0060212941234177066,0.005909629196252715,0.005775034487758522,0.005644194526781186,0.9373723341017467
P07,C,2.1166149098928917e-12,3.621688791707068e-13,1.12682197847852,2.393455000478929e-13,1.3530797704021793e-13,1.7966078934544223e-13,0.08488118859303212,1.0551492581831003e-10,0.5;1.0;1.5;2.0;2.4;2.9;3.4,0.006508229235787289,0.00641020030035107,0.006297792062291795,0.006153306639711762,0.9454655662520478
P08,A,1.7376003001269389e-12,3.843088699236291e-13,2.9753462184478754,5.93026962229471e-14,4.072174237741129e-13,5.135879576782615e-14,0.029557312901059108,9.129444853180469e-11,0.5,0.010217656711228968,0.010132535356106814,0.010088862013818074,0.010063443764379454,0.9849072100181211
P08,B,1.7755699878537262e-12,3.834172042700392e-13,2.3289769317621003,1.0672901338999622e-13,4.3065413424356527e-13,8.952071660397717e-14,0.05041801630820987,9.932181589674845e-11,0.5;1.0;1.5,0.010580915621625385,0.010529688142465791,0.010501084542133034,0.010463852258327305,0.9889363673727041
P08,C,1.603677477453427e-12,3.139309174560501e-13,3.355553725183299,4.332725879678139e-14,4.3050745278323824e-13,4.372687150894459e-14,0.027266624445197694,8.510180943603226e-11,0.5,0.010424984075403992,0.010393429643499326,0.01036013934290583,0.01032198749315169,0.9901202168264885
P09,A,1.7246808909484219e-12,7.498662870440911e-13,7.728839921401117,4.794762705867761e-14,4.2634461607667416e-13,4.0769993255227174e-14,0.023639151723196333,7.045119392251555e-11,0.5;1.0;1.5,0.00909851515229646,0.00901196144251222,0.008946868355390152,0.008906208494521803,0.9788639514738711
P09,B,2.1283190651425907e-12,1.2782480834360453e-12,11.697192288364965,6.210187295604606e-14,4.530733060443359e-13,5.1463212406066156e-14,0.024180214916515952,1.5666415692957136e-10,0.5;1.0;1.5;2.0;2.4,0.010263843210163498,0.010106539193241898,0.009942997596320589,0.009788687179610667,0.9537058370024282
P09,C,1.745884535572501e-12,8.084580060162472e-13,8.358492694657988,4.9718043889448976e-14,4.557903260961106e-13,4.233915637092534e-14,0.024250834180761967,9.80348452032917e-11,0.5;1.0;1.5,0.009560138285498301,0.009435441698075865,0.009305088012445072,0.009202495682724599,0.962590227035083
P10,A,4.377242962949164e-12,4.267203588829745e-13,1.5689924472055203,1.3278120328911766e-13,2.1086612049431996e-13,1.1108935678223585e-13,0.02537884182407583,4.116140162402624e-09,0.5;1.0;1.5;2.0,0.011599117399994602,0.012040607154695444,0.011863581627071046,0.0119021784017262,1.0261279364007247
P10,B,3.5266747183176996e-12,3.7384515181021994e-13,1.7226886525424503,1.0671053045400822e-13,1.834801111246486e-13,8.06797194134208e-14,0.022876994862714977,5.934658579447101e-10,0.5;1.0,0.011880610147191396,0.011869739014359745,0.011792866513419487,0.01176139248974213,0.9899653590200963
P10,C,2.801996674318949e-12,3.4042332443488113e-13,2.029959581688648,8.604049763989705e-14,1.8432450942343603e-13,6.632435189895902e-14,0.023670389228809405,3.2722432986787293e-10,0.5;1.0,0.011035021357281306,0.011035281657088242,0.011686911298428327,0.01142108347397774,1.0349851716817653
P11,A,1.0646745739473563e-11,7.491297603762565e-13,1.2614053879624563,4.2182952267713533e-13,3.5885192879247547e-13,3.544056254162902e-13,0.033287695046788454,2.3410293051022394e-09,0.5;1.0;1.5;2.0;2.4;2.9;3.4;3.9;4.4,0.027605716777186432,0.02819554589072448,0.028224201800706398,0.027961969056540845,1.012905018269579
P11,B,3.545148525123332e-12,1.0948353256064518e-12,1.4422244652922673,4.739426756674038e-13,3.475015727115274e-13,4.149303806257638e-13,0.11704174809187404,3.2323837569859085e-10,0.5;1.0;1.5;2.0;2.4;2.9,0.02926832954567926,0.02896219431238624,0.028779210656001225,0.028596401344388768,0.9770424820370492
P11,C,2.968780120476468e-12,6.417462254584311e-13,1.7760684384661998,3.911452251876582e-13,3.66212146198737e-13,2.990672521511055e-13,0.100737420763619,1.1440470867770648e-10,0.5;1.0;1.5;2.0;2.4,0.02785988306697637,0.027650912422700555,0.027394978985896316,0.027123459043760956,0.9735668659683524
P12,A,4.222459455677396e-12,3.6498469644374286e-13,1.5074747016273622,1.7890567252395825e-13,2.65216103540107e-13,1.6615153616471083e-13,0.03934946869443786,5.705654319823529e-10,0.5;1.0;1.5;2.0;2.4;2.9;3.4;3.9;4.4;4.9;5.4;5.9;6.3;6.8;7.3;7.8;8.3;8.8;9.3;9.8;10.3;10.7;11.2;11.7;12.2;12.7;13.2,0.0044889138188480586,0.00422486121119823,0.004092439727740773,0.003956611353226811,0.8814184261265576
P12,B,3.541092563019785e-12,2.25573837003821e-13,2.431297872765845,7.737372678626873e-14,1.960576661064973e-13,7.165728002357068e-14,0.020235924011673543,9.126104935992552e-11,0.5;1.0;1.5;2.0;2.4;2.9;3.4;3.9;4.4;4.9;5.4;5.9;6.3;6.8;7.3;7.8;8.3;8.8;9.3;9.8;10.3;10.7;11.2;11.7;12.2;12.7;13.2;13.7;14.2;14.6;15.1;15.6;16.1;16.6;17.1;17.6;18.1;18.6;19.0;19.5;20.0;20.5;21.0;21.5;22.0;22.9,0.0037415340887313607,0.0037520005815969556,0.00372299944513307,0.003703677584175573,0.9898820901646193
P12,C,3.8947728114176955e-12,3.2005462546990253e-13,1.9805465836649243,1.2337903333960873e-13,2.352590161681169e-13,1.1544543972572865e-13,0.029641122939775933,1.8178299620944933e-10,0.5;1.0;1.5;2.0;2.4;2.9;3.4;3.9;4.4;4.9;5.4;5.9;6.3;6.8;7.3;7.8;8.3;8.8;9.3;9.8;10.3;10.7;11.2;11.7;12.2;12.7;13.2;13.7;14.2,0.003912527842604512,0.0038786717117141388,0.003825463995169661,0.0037891011936674996,0.9684534771630279
P13,A,2.199728402456384e-12,7.963052470268564e-13,1.1338564127098647,6.827699454683806e-13,5.716622269523193e-13,6.226563908842391e-13,0.28306057701893267,2.7835076901386773e-10,0.5;1.0;1.5;2.0;2.4;2.9;3.4;3.9;4.4;4.9;5.4,0.006056393286458473,0.006110860887516371,0.006255882836201939,0.006203169675426675,1.0242349500809964
P13,B,2.044801483135486e-12,4.719945622006841e-13,1.1019365506793632,4.584533592839477e-13,3.8355387971948124e-13,3.4452224635388355e-13,0.16848689185494684,1.65985449647599e-10,0.5;1.0;1.5;2.0;2.4;2.9;3.4;3.9;4.4;4.9;5.4;5.9;6.3;6.8;7.3;7.8;8.3;8.8;9.3,0.006175485456734709,0.0061720232520728335,0.006184809746195434,0.006239190439575819,1.0103157854208265
P13,C,2.4702805370793126e-12,5.755561754436053e-13,1.1696973339393426,5.639939161775577e-13,5.922607619312948e-13,4.902938507234414e-13,0.19847699213269543,1.5218252857913298e-10,0.5;1.0;1.5;2.0;2.4;2.9;3.4;3.9;4.4;4.9;5.4;5.9;6.3;6.8;7.3;7.8;8.3;8.8;9.3;9.8;10.3;10.7;11.2;11.7,0.006210606643023284,0.006167465292583183,0.00619395300654339,0.00621325802367269,1.0004269117015137
P14,A,1.5713325245370581e-12,3.477400448613752e-13,2.489895419804767,7.675920392545551e-14,7.699890768351375e-14,6.311895890583508e-14,0.04016906537617238,9.420552543143225e-11,0.5;1.0;1.5;2.0;2.4,0.011286146290029407,0.01106064970243479,0.010835991252729502,0.01063996463340773,0.9427455891483051
P14,B,2.151720304005421e-12,3.1522967920596227e-13,1.86628727097792,8.928479774194258e-14,8.459432207909569e-14,7.353826675082724e-14,0.03417649896872561,1.5387223502683466e-10,0.5;1.0;1.5;2.0;2.4,0.012324851323688765,0.012138882627184842,0.011850214916863513,0.011580373301816339,0.9395953750418462
P14,C,3.0326344815654088e-12,2.17947349402733e-13,1.203006171898509,1.0101862799220452e-13,9.040838533571885e-14,7.944473952766699e-14,0.02619660892553678,2.953709404950452e-10,0.5;1.0;1.5;2.0;2.4;2.9,0.012636847413611364,0.012731441245614799,0.012682276253907134,0.012507735089955892,0.9897828691421563
P15,A,5.6684280222732384e-11,3.4558817316211517e-12,1.2084843322443701,1.6521620239844028e-12,8.845439244433525e-13,1.3544682307352028e-12,0.02389495333473448,7.892415449039067e-09,0.5;1.0;1.5;2.0;2.4,0.0128796628483316,0.012858484356560548,0.012919017880746063,0.012887438771350077,1.0006037365348803
P15,B,5.239241061815401e-12,1.6945197845016533e-12,1.4048880175453045,9.639044832571593e-13,5.618476619629782e-13,7.908160577373662e-13,0.15094095660170823,3.6073724836168344e-09,0.5;1.0;1.5;2.0,0.013612664744850265,0.013789317279254728,0.013930682728304807,0.013755182135971019,1.0104694704374226
P15,C,1.0664662244733695e-11,3.125251371227134e-12,1.2818880002206732,1.7017256511604885e-12,8.633822671458245e-13,1.3446519812789722e-12,0.12608481641722627,6.973703455273944e-09,0.5;1.0;1.5;2.0,0.013641894496153044,0.013279526718912967,0.013495810157345798,0.013378307616470943,0.980678132369633
P16,A,2.7051638899877392e-12,2.982889622560497e-13,2.3515293323191946,6.78373207725362e-14,6.962499038865368e-14,5.100884688453633e-14,0.018856102239619768,1.1791894271973465e-10,0.5;1.0;1.5,0.004912462776701258,0.004891453127977249,0.004895208736704245,0.004910018518256162,0.9995024372588249
P16,B,2.9704577523760833e-12,2.549263140592901e-13,1.594892745356171,8.669792547553107e-14,9.279381678531815e-14,6.704698332099906e-14,0.022571263054446022,1.3509086107068677e-10,0.5;1.0;1.5;2.0,0.004779333542029674,0.004732905074193653,0.004734930457978925,0.004693707648326274,0.9820841351727386
P16,C,3.005535017376823e-12,3.573090222397492e-13,1.4683369779251096,1.7276590863780407e-13,1.345847880152057e-13,1.360226103889159e-13,0.045257370019808986,1.3901349279786367e-10,0.5;1.0;1.5;2.0;2.4;2.9,0.00490609702885322,0.004870119627808367,0.004850681812053889,0.0048603773600469045,0.9906810508358408
P17,A,3.028521577943565e-12,7.762525911843274e-13,1.0719111778420027,8.746387004640542e-13,5.409872633482394e-13,6.201938587410432e-13,0.20478436186747231,2.579674086290253e-10,0.5;1.0;1.5;2.0;2.4;2.9;3.4;3.9;4.4;4.9;5.4;5.9;6.3;6.8;7.3;7.8;8.3;8.8;9.3;9.8;10.3,0.006318857551877141,0.0060722857657042545,0.005883382127813557,0.005684063643171048,0.8995397659316573
P17,B,2.503910002873727e-12,9.952509189664444e-13,1.0645550358653924,1.144834976348621e-12,7.03241967667991e-13,8.308575745185973e-13,0.3318240566014855,4.871405534034558e-10,0.5;1.0;1.5;2.0;2.4;2.9;3.4;9.8;10.3,0.0055584143090942366,0.0054039484617423635,0.005228414179809432,0.005113204858909673,0.9199035146667374
P17,C,3.850937475111514e-12,1.537905897600101e-12,0.9650888447953778,1.8029866886292157e-12,1.2390197567220452e-12,1.4700250095720974e-12,0.3817317261245663,2.0219427475977524e-10,0.5;1.0;1.5;2.0;2.4;2.9,0.007419788375959465,0.007181537711692623,0.0068765281666852245,0.006665362822952523,0.8983224972492041
P18,A,4.530396559080319e-12,6.451291745610179e-13,1.1617732092876636,3.78577955489034e-13,2.71348773451697e-13,2.8812942639472756e-13,0.06359916237734793,1.3736259375810644e-09,0.5;1.0;1.5;2.0,0.019952445632073268,0.01992896177534215,0.019830868522516573,0.019610340886186222,0.9828539943325485
P18,B,1.3020596501223887e-11,9.651561840374287e-13,1.348946165123488,4.195918043154317e-13,2.959059117455938e-13,3.581577480203742e-13,0.0275070153649803,5.0248959470832655e-09,0.5;1.0;1.5;2.0;2.4,0.017400807078887144,0.01855493797065557,0.019420102734366746,0.0195622407867057,1.1242145664864636
P18,C,5.055503375582491e-08,1.0297643543666212e-10,0.6892845962706954,9.438876627360449e-12,1.6794207054850796e-12,4.6529592758639316e-12,9.203750705295141e-05,9.264675936668298e-06,0.5;1.0;1.5,0.2680295778126439,0.3413332576906999,0.3413332576906999,0.3413332576906999,1.2734910097470518
P19,A,4.9724474122013955e-12,2.6148002929541384e-12,1.5459294098004395,5.601042065389033e-13,4.4027617014227314e-13,5.27466315199793e-13,0.10607780665623445,4.5765378823581886e-10,,0.012346622552956826,0.011981404215134816,0.011801651804898422,0.011590442179684898,0.9387540705947284
P19,B,2.0523798234953178e-12,1.0740650974201776e-12,3.1721289936395767,1.1934700021419629e-13,2.1560382344796032e-13,1.0446923570123219e-13,0.050901511750059615,1.46680498099258e-10,0.5,0.013136803263428585,0.013003310851694155,0.012784771528279242,0.012587551754625555,0.9581898656934229
P19,C,2.48382953473729e-12,1.4871738306406421e-12,2.77742947913247,2.7823873660260533e-13,2.806155783333387e-13,2.2603514616509174e-13,0.09100268074113188,1.5454290269747233e-10,0.5,0.013068481862132471,0.013310275098651337,0.013391327938442355,0.013387532712967925,1.024413765439729
P20,A,2.395888488691315e-11,2.2819854436342986e-12,1.2001211145017927,8.449409550499199e-13,4.927169680398562e-13,7.137272248758613e-13,0.029789667935076317,1.3756137233407888e-08,0.5;1.0;1.5,0.02078596981095246,0.021532086195794598,0.02199685126054346,0.02213311502630223,1.0648103132835274
P20,B,1.442930851781588e-12,1.7023647596068758e-13,1.2138888919462087,6.024109472594971e-14,4.2395635858949895e-14,4.958398349829258e-14,0.034363381611163965,3.865513655872954e-10,0.5;1.0,0.008931595041152044,0.008923668845969327,0.008859411594448597,0.008796406486562889,0.9848640076082403
P20,C,9.381651660013776e-13,5.973163029760561e-14,1.7759740502723518,1.5448095551521164e-14,2.4121479680746866e-14,1.172009416387567e-14,0.012492570166326619,2.345020009239196e-11,0.5;1.0;1.5,0.008747834953781482,0.008731396670700935,0.008675281170396608,0.00862978673251463,0.9865054357003131
